<?xml version="1.0" encoding="UTF-8" standalone="yes"?>
<ns2:ExportManifest xmlns:ns2="http://www.pentaho.com/schema/">
    <ExportManifestInformation exportDate="23-12-2019 10:32:33 IST" exportBy="admin" rootFolder="/public/Sales_team_details/" manifestVersion="2"/>
    <ExportManifestEntity path="timesheet.cda">
        <ExportManifestProperty>
            <EntityMetaData name="timesheet.cda" createdDate="2019-11-14T12:06:43.145+05:30" isFolder="false" path="timesheet.cda" isHidden="false" isSchedulable="true" locale="en_US" title="timesheet"/>
        </ExportManifestProperty>
        <ExportManifestProperty>
            <EntityAcl>
                <entriesInheriting>true</entriesInheriting>
                <owner>admin</owner>
                <ownerType>USER</ownerType>
            </EntityAcl>
        </ExportManifestProperty>
    </ExportManifestEntity>
</ns2:ExportManifest>
