<?xml version="1.0" encoding="UTF-8" standalone="yes"?>
<ns2:ExportManifest xmlns:ns2="http://www.pentaho.com/schema/">
    <ExportManifestInformation exportDate="23-12-2019 10:24:09 IST" exportBy="admin" rootFolder="/public/personaldashboardv2/" manifestVersion="2"/>
    <ExportManifestEntity path="Reportinghours.wcdf">
        <ExportManifestProperty>
            <EntityMetaData name="Reportinghours.wcdf" createdDate="2019-10-10T12:20:38.488+05:30" isFolder="false" path="Reportinghours.wcdf" isHidden="false" isSchedulable="true" locale="en_US" title="Reportinghours.wcdf"/>
        </ExportManifestProperty>
        <ExportManifestProperty>
            <EntityAcl>
                <entriesInheriting>true</entriesInheriting>
                <owner>admin</owner>
                <ownerType>USER</ownerType>
            </EntityAcl>
        </ExportManifestProperty>
    </ExportManifestEntity>
</ns2:ExportManifest>
